product_name,path
Steak Rolls,steak_rolls.webp
Wilson Basketball 9",wilson_basketball.webp
Mainstays Linen Bathrobe,wilson_basketball.webp
Mainstays Satin Bathrobe,mainstays_satin.webp
Mainstays Waffled Bathrobe,mainstays_waffle.webp
Sephora Rouge Gel Lip Liner,sephora_lip_liner.webp
Rare Beauty Liquid Touch Brush,rare_beauty_touch_brush.webp
Lotus SuperProtector Sunscreen,superprotector_sunscreen.webp
Loreal Foundation Supreme,loreal_foundation.webp
Ribeye,ribeye.webp
Wilde Black Ribbed Long Sleeve Mock Neck Bodysuit,bodysuit.webp
MM OC Dry Cat Food,catfood.webp
13 Pro Max,13promax.webp
S22,s22.webp
S23,s23.webp
Selby Mini Skirt,miniskirt.webp
Skeleton Hand Print Oversized tee,skeletonshirt.webp
Ankle-length Leather Pants,leatherpants.webp
H&M Jersey Top,handmjerseytop.webp
Skinny High Jeans,jeans.webp
Mac Nut Cookies,macnutcookies.webp
Mr.Mixing bowl,mrmixingbowl.webp
Double boiler insert_for_all,doubleboilerinsert.webp
BB TSP Wet Cat Food,bbtspwetcatfood.webp
GW Electric Scooter,gwelectricscooter.webp
AW SE,awse.webp
AW S6,aws6.webp
AW S7,aws7.webp
AirPods pro,AirPodPros.webp
AirPods max,AirPodMaxs.webp
Samsung Tizen,SamsungTizen.webp
Insignia Fire,InsigniaFire.webp
LG Nanocell,LGNanocell.webp
CB Punching Bag and Gloves,PunchingBagAndGloves.webp
Diced Ham,DicedHam.webp
Luden's Throat Drops,LudensThroatDrop.webp
Ikea WC - Haggeby White,IkeaWCHaggebyWhite.webp
Lily Plant,LilyPlant.webp
KK BC Wooden Playhouse,WoodenPlayHouse.webp
Ikea WC - White,IkeaWCWhite.webp
Black quartz Sink,BlackQuartzSink.webp
White Apron Sink,WhiteApronSink.webp
Top Mount Sink,TopMountSink.webp
KF with HS,KFWithHS.webp
DCKF,DCKF.webp
KF with Sensor,KFWithSensor.webp
Ikea WC - 2 doors,IkeaWCDoubleDoors.webp
Gap Jersey Top,GapJerseyTop.webp
Snow Crab,SnowCrab.webp
Deep Seat Cushion,DeepSeatCushion.webp
Tylenol Gel,TylenolGel.webp
Chinese Lanterns,ChineseLantern.webp
Tuscany Ridge Conversation Set,TuscanyRidge ConversationSet.webp
BF SA Whey,BFSAWhey.webp
BB FC Dry Dog Food,bbfcdrydogfood.webp
Sweet Potato Pie,sweetpotatopie.webp
Horizon: FW,horizon.webp
MJ Mega El Toro,mjmegaeltoro.webp
ER: MMO,ermmo.webp
SV ES Melatonin,svesmelatonin.webp
GG Yoga Socks,ggyogasocks.webp

